species,Real_PR_Multi,Real_PR_Layer,StrengthIn,StrengthOut,DegreeIn,DegreeOut,Delta,Ratio,Plot
A2 CETE,0.013888888888888886,0.013888888888888886,1,1,1,1,0,1,1
Bombilus_major CETE,0.013888888888888886,0.013888888888888886,1,1,1,1,0,1,1
A3 CETE,0.019797767793838707,0.013888888888888886,1,1,1,1,0.005908878904949821,1.4254392811563872,1
Lasioglossum_malachurum CETE,0.027291145527389232,0.013888888888888886,2.4375,1.3095238095238095,3,3,0.013402256638500346,1.9649624779720252,1
B1 CHFU,0.008684270057723507,0.009085950232496406,0.15384615384615385,1,1,1,-4.01680174772899e-4,0.9557910659320731,1
Ulidiidae CHFU,0.05047775142180721,0.05354942334654115,6.666666666666666,1,7,7,-0.0030716719247339402,0.9426385620465819,1
B4 CHFU,0.005383801695528421,0.0055846417829148705,0.07692307692307693,1,1,1,-2.008400873864495e-4,0.9640370689484721,1
C1 CHFU,0.012194186297558493,0.014300922369918428,1.1538461538461537,1,2,2,-0.0021067360723599354,0.8526853011389396,1
Empis_sp CHFU,0.0071324501130336625,0.006135261338143554,0.8333333333333333,1.7272727272727273,2,2,9.971887748901082e-4,1.1625340339930563,1
D1 CHFU,0.00868427005772351,0.009085950232496408,0.15384615384615385,1,1,1,-4.01680174772899e-4,0.9557910659320731,1
E3 CHFU,0.011984738419918591,0.012587258682077941,0.23076923076923078,1,1,1,-6.025202621593503e-4,0.952132527234287,1
F2 CHFU,0.013888888888888886,0.013888888888888886,1,1,1,1,0,1,1
Eucera_sp CHFU,0.013888888888888886,0.013888888888888886,1,1,1,1,0,1,1
F3 CHFU,0.005383801695528422,0.0055846417829148705,0.07692307692307693,1,1,1,-2.0084008738644864e-4,0.9640370689484722,1
F5 CHFU,0.008684270057723507,0.009085950232496408,0.15384615384615385,1,1,1,-4.0168017477290076e-4,0.9557910659320729,1
A1 LEMA,0.007679326301761169,0.007658959337510232,1.0128755364806867,1,2,2,2.036696425093687e-5,1.0026592338924152,1
Brassicogethes_sp LEMA,0.22277370509351446,0.22124886342660655,24.86734887919099,1,36,36,0.0015248416669079168,1.0068919751418914,1
Phaedon_sp LEMA,0.0037151901724575814,0.003710862192554258,0.25,1,1,1,4.327979903323564e-6,1.001166300357908,1
A2 LEMA,0.010250531860344227,0.010193655174341402,0.05680842762387827,1,2,2,5.687668600282483e-5,1.005579616440822,1
Psilothrix_viridicoerulea LEMA,0.055191177508449096,0.05475039184940024,6.12434685197843,1.0000000000000002,29,29,4.4078565904885625e-4,1.008050821997061,1
A3 LEMA,0.011914923297787174,0.011855407542534243,0.5429184549356223,1,2,2,5.9515755252930944e-5,1.0050201357515043,1
Malachius_bipustulatus LEMA,0.004010946411743212,0.004001797037290141,0.2159090909090909,1,2,2,9.149374453070944e-6,1.002286316464282,1
A4 LEMA,0.012849656332374781,0.012771093805469069,0.12524385485758877,1,2,2,7.856252690571254e-5,1.0061515895272861,1
A5 LEMA,0.017418810899979834,0.01731180590441825,0.48255950058525166,1,3,3,1.0700499556158191e-4,1.006181041778794,1
Elateridae LEMA,0.006741518811640667,0.0066922483796037985,0.44722222222222224,1,4,4,4.927043203686865e-5,1.0073623137161245,1
A6 LEMA,0.012866457516949955,0.01280558244557744,1.0568084276238783,1,3,3,6.087507137251397e-5,1.0047537916866514,1
Oedemeridae LEMA,0.00307755959600674,0.003072855613218864,0.09090909090909091,1,1,1,4.703982787876253e-6,1.0015308180337665,1
B1 LEMA,0.012081564451340619,0.012026254336663407,1.052516582130316,1,3,3,5.531011467721156e-5,1.0045991139991604,1
Mordellidae LEMA,0.0031102663116972865,0.003105564951949724,0.1,1,1,1,4.701359747562653e-6,1.0015138500789078,1
B2 LEMA,0.010210271072796307,0.010154643801685936,0.04291845493562232,1,1,1,5.5627271110371065e-5,1.005478013034897,1
B3 LEMA,0.01029079264789214,0.010232666546996876,0.07069840031213422,1,2,2,5.812610089526299e-5,1.0056804451340517,1
B4 LEMA,0.015144635640783496,0.014460440114561652,1.0931720639875147,1,3,3,6.841955262218442e-4,1.0473149863213955,1
Empis_sp LEMA,0.005626225866089726,0.00302882364851621,0.8041958041958042,1.5,2,2,0.0025974022175735165,1.857561389830655,1
B5 LEMA,0.009437838086397927,0.009386524127506147,0.052516582130316035,1,2,2,5.131395889178096e-5,1.0054667689758994,1
B6 LEMA,0.010530209466836367,0.010475477100389607,0.252516582130316,1,3,3,5.4732366446760133e-5,1.005224808943998,1
Andrena_sp LEMA,0.006425714002579039,0.0064056057228438976,0.29047619047619044,1,2,2,2.0108279735141753e-5,1.0031391691286011,1
C1 LEMA,0.008958508736484246,0.00890994425836827,0.24393289114319158,1,3,3,4.8564478115974835e-5,1.0054505928104278,1
C2 LEMA,0.00947684197594828,0.009434014402028464,0.5300429184549357,1,2,2,4.2827573919816675e-5,1.0045396977463388,1
C3 LEMA,0.006959495977011119,0.006926119614344891,0.02575107296137339,1,1,1,3.337636266622854e-5,1.0048189122516888,1
C4 LEMA,0.006187062990612739,0.006157999940165106,0.03534920015606711,1,2,2,2.9063050447632362e-5,1.004719560040602,1
C5 LEMA,0.00403211947363542,0.004023110709828987,0.14714898835070508,1,2,2,9.008763806432618e-6,1.0022392532684778,1
Musca_sp LEMA,0.009356054781753565,0.00932767565602678,0.8157894736842105,1,2,2,2.8379125726785137e-5,1.0030424648940757,1
C6 LEMA,0.007728462274359694,0.007706570471185865,1.0267655091689427,1,3,3,2.1891803173829105e-5,1.002840667357248,1
Sphaerophoria_scripta LEMA,0.003725631566634769,0.0037209795584603293,0.25,1,1,1,4.6520081744398124e-6,1.0012502106236683,1
D1 LEMA,0.007040017552106951,0.007004142359655838,0.05353101833788529,1,2,2,3.587519245111352e-5,1.0051219964713676,1
D2 LEMA,0.009478098873945837,0.009425535500161617,0.06640655481857198,1,2,2,5.256337378421912e-5,1.0055766989348582,1
D3 LEMA,0.006227323778160651,0.006197011312820574,0.049239172844323054,1,2,2,3.0312465340077456e-5,1.0048914652257235,1
D4 LEMA,0.01462034995666085,0.014543054302225434,1.1209520093640266,1,3,3,7.729565443541711e-5,1.0053149532986059,1
Geometridae LEMA,0.003039279292038081,0.00303422534540192,0.07692307692307693,1,1,1,5.053946636161041e-6,1.0016656464371771,1
D5 LEMA,0.010704678647020583,0.010641240470005203,0.2941865001950839,1,3,3,6.343817701538051e-5,1.0059615396526558,1
D6 LEMA,0.019270684948849325,0.01915011943484021,0.13179867342957471,1,2,2,1.2056551400911608e-4,1.0062958100297676,1
E1 LEMA,0.005374369216666441,0.005350868893329847,0.031057354662504876,1,2,2,2.350032333659456e-5,1.0043918705176815,1
E2 LEMA,0.021292226516428498,0.021196762810448935,1.6484761780899122,1,4,4,9.54637059795635e-5,1.0045036927021944,1
Episyrphus_balteatus LEMA,0.010031518507738413,0.009995724260044355,0.5555555555555556,1,2,2,3.579424769405842e-5,1.0035809558930249,1
E3 LEMA,0.011618417237402525,0.011567345974932735,0.7105995578098583,0.9999999999999999,4,4,5.107126246979045e-5,1.004415123623039,1
Anastoechus_sp LEMA,0.008508901287278953,0.00848301607821317,0.8111111111111111,0.9999999999999999,3,3,2.588520906578358e-5,1.0030514157732489,1
Braconidae LEMA,0.004923922355887607,0.004911397831541325,0.20526315789473684,1,2,2,1.2524524346282408e-5,1.0025500936344127,1
E4 LEMA,0.006146802203064823,0.006118988567509632,0.02145922746781116,1,1,1,2.7813635555190737e-5,1.0045454629058919,1
E5 LEMA,0.008218219277361617,0.008188031052390653,0.5406554818571986,1,3,3,3.018822497096417e-5,1.0036868723112806,1
E6 LEMA,0.006999756764559035,0.006965130987000364,0.039641045649629336,1,2,2,3.462577755867103e-5,1.0049713031417924,1
F1 LEMA,0.0078124505385053266,0.007772262033835624,0.04393289114319157,1,2,2,4.018850466970276e-5,1.005170760390572,1
F2 LEMA,0.012081564451340622,0.012026254336663407,1.052516582130316,1,3,3,5.531011467721503e-5,1.0045991139991606,1
Cylindromyia_sp LEMA,0.003110266311697287,0.003105564951949723,0.1,1,1,1,4.701359747563954e-6,1.0015138500789083,1
F3 LEMA,0.010140287619266497,0.010093984219855523,0.44241990722677416,1,4,4,4.6303399410974055e-5,1.0045872272437173,1
F4 LEMA,0.020710263288309487,0.020618801009667925,1.59879976961522,1,4,4,9.14622786415617e-5,1.0044358679536542,1
F5 LEMA,0.0076044226005400435,0.007516283512410782,0.24368578488750162,0.9999999999999999,3,3,8.81390881292618e-5,1.0117264187791384,1
Lasioglossum_malachurum LEMA,0.01601654246644396,0.008761760853735987,1.7222222222222223,1.75,4,4,0.007254781612707975,1.828004979114964,1
F6 LEMA,0.012190619877116846,0.011887667342423558,1.060098842502276,1,4,4,3.0295253469328834e-4,1.025484607363813,1
C2 PUPA,0.0030785721923680645,0.006614114114114117,0.2,1,1,1,-0.003535541921746053,0.4654549557587128,1
Lasioglossum_malachurum PUPA,0.01658731431724552,0.02665165165165166,3.455357142857143,2.833333333333334,5,5,-0.010064337334406141,0.6223747231146768,1
D6 PUPA,0.0030785721923680645,0.0066141141141141165,0.2,1,1,1,-0.003535541921746052,0.4654549557587129,1
F6 PUPA,0.005069049910437526,0.015675675675675686,0.6,1,1,1,-0.010606625765238159,0.32337042532101434,1
A4 BEMA,0.007844106195015457,0.010416666666666666,1,1,1,1,-0.002572560471651209,0.7530341947214839,2
Braconidae BEMA,0.009853499913749737,0.010416666666666666,1.375,1.3333333333333333,2,2,-5.631667529169288e-4,0.9459359917199748,2
A3 CETE,0.0040801123507608035,0.005774211711711715,0.2,1,1,1,-0.0016940993609509116,0.7066094134520899,2
Bombilus_major CETE,0.02538768757069718,0.02477477477477479,4.8,1.7142857142857144,5,5,6.129127959223907e-4,1.024739389217231,2
A5 CETE,0.006597724701521606,0.009985923423423429,0.4,1,1,1,-0.0033881987219018233,0.660702513104165,2
B1 CETE,0.0051377562329213,0.005869932432432434,0.3333333333333333,1,1,1,-7.321761995111344e-4,0.8752666733494701,2
Anastoechus_sp CETE,0.02281991277773679,0.015202702702702705,3.4375,1.8084415584415585,4,4,0.007617210075034084,1.501043151602242,2
B2 CETE,0.0040801123507608035,0.005774211711711714,0.2,1,1,1,-0.0016940993609509108,0.70660941345209,2
C6 CETE,0.012455625243197809,0.010416666666666666,1,1,1,1,0.0020389585765311427,1.1957400233469897,2
Andrena_sp CETE,0.017667001444850228,0.010416666666666666,2.4375,1.3785714285714286,3,3,0.007250334778183562,1.6960321387056219,2
D2 CETE,0.0032300235318023004,0.007225975975975975,0.3333333333333333,1,1,1,-0.003995952444173675,0.4470016981153937,2
Lasioglossum_malachurum CETE,0.01597459517861027,0.01998873873873874,4.125,2.7142857142857144,5,5,-0.004014143560128469,0.7991797475270941,2
E2 CETE,0.0032300235318023004,0.007225975975975975,0.3333333333333333,1,1,1,-0.003995952444173675,0.4470016981153937,2
E4 CETE,0.0032300235318023004,0.0072259759759759744,0.3333333333333333,1,1,1,-0.003995952444173674,0.44700169811539375,2
E5 CETE,0.0087130124658426,0.010177364864864865,0.6666666666666666,1,1,1,-0.0014643523990222652,0.8561167435317542,2
F3 CETE,0.0040801123507608035,0.005774211711711714,0.2,1,1,1,-0.0016940993609509108,0.70660941345209,2
A2 CHFU,0.004651975669931233,0.012260698198198194,0.23529411764705882,1,1,1,-0.0076087225282669615,0.37942175842929377,2
Ulidiidae CHFU,0.026681835331224292,0.05349099099099097,10.058823529411764,1.7272727272727273,11,11,-0.02680915565976668,0.49880988998162484,2
A3 CHFU,0.002334868917482809,0.004237049549549548,0.058823529411764705,1,1,1,-0.001902180632066739,0.551060092684315,2
A5 CHFU,0.0023348689174828084,0.004237049549549549,0.058823529411764705,1,1,1,-0.0019021806320667404,0.5510600926843148,2
B2 CHFU,0.003107237834965617,0.006911599099099096,0.11764705882352941,1,1,1,-0.003804361264133479,0.4495685861424797,2
B3 CHFU,0.0023348689174828084,0.004237049549549549,0.058823529411764705,1,1,1,-0.0019021806320667404,0.5510600926843148,2
C1 CHFU,0.003879606752448425,0.009586148648648646,0.17647058823529413,1,1,1,-0.005706541896200221,0.4047096383170869,2
C2 CHFU,0.0031072378349656176,0.006911599099099097,0.11764705882352941,1,1,1,-0.0038043612641334794,0.4495685861424797,2
D1 CHFU,0.008023648648648648,0.008023648648648648,0.5,1,1,1,0,1,2
Eucera_sp CHFU,0.015202702702702702,0.015202702702702702,2,1,2,2,0,1,2
D4 CHFU,0.0023348689174828084,0.004237049549549549,0.058823529411764705,1,1,1,-0.0019021806320667404,0.5510600926843148,2
E2 CHFU,0.008023648648648648,0.008023648648648648,0.5,1,1,1,0,1,2
E3 CHFU,0.002334868917482809,0.004237049549549549,0.058823529411764705,1,1,1,-0.00190218063206674,0.5510600926843149,2
F2 CHFU,0.002334868917482809,0.004237049549549549,0.058823529411764705,1,1,1,-0.00190218063206674,0.5510600926843149,2
A1 LEMA,0.005055957514093506,0.004744945954187467,0.026143790849673203,1,1,1,3.11011559906039e-4,1.0655458593014253,2
Brassicogethes_sp LEMA,0.15720558813420774,0.143210067938436,21.81652097902098,0.9999999999999998,35,35,0.013995520195771743,1.0977272086889047,2
A2 LEMA,0.009004952551813716,0.008569273208431738,0.46345811051693403,1,3,3,4.356793433819787e-4,1.050842041417619,2
Anastoechus_sp LEMA,0.017192437560358233,0.01159043935265814,1.8999472749472748,1.75,7,7,0.005601998207700094,1.4833292369038054,2
Braconidae LEMA,0.0070033749520990495,0.004720515593228819,0.9583333333333333,1.3749999999999998,4,4,0.0022828593588702303,1.4836038169527073,2
A3 LEMA,0.007367514959687099,0.006882515079058566,0.3851181498240322,0.9999999999999999,3,3,4.849998806285335e-4,1.0704684079958273,2
Psilothrix_viridicoerulea LEMA,0.03984596774268395,0.03670999831152287,5.1001998001998,1.0000000000000002,23,23,0.0031359694311610814,1.085425485573415,2
A4 LEMA,0.004182593135570129,0.003949334465640602,0.0196078431372549,1,1,1,2.3325866992952686e-4,1.0590627793008893,2
A5 LEMA,0.00475234844414595,0.0044912023951752325,0.3464052287581699,1,2,2,2.6114604897071753e-4,1.0581461323700885,2
A6 LEMA,0.007063312523104171,0.007301577325806025,0.7857991681521093,0.9999999999999999,3,3,-2.3826480270185395e-4,0.9673680367857295,2
Elateridae LEMA,0.0034744564360815033,0.0034375994623651158,0.24358974358974358,1,2,2,3.685697371638751e-5,1.0107217184898643,2
B1 LEMA,0.007561832864714525,0.00723179379035024,0.13012477718360071,1,2,2,3.3003907436428455e-4,1.0456372352326573,2
B2 LEMA,0.012340221376029326,0.012409994421962858,0.5259381141734083,1,3,3,-6.977304593353169e-5,0.9943776730624432,2
B3 LEMA,0.013937842869422797,0.012857907571435791,0.8535696329813977,1,4,4,0.0010799352979870055,1.0839899720842692,2
Sarcophaga_sp LEMA,0.010234862771352255,0.0087969716610658,0.6993006993006994,1,3,3,0.0014378911102864555,1.163452966053121,2
B4 LEMA,0.015969469645844628,0.014788361234195895,0.5077928607340372,1,3,3,0.0011811084116487326,1.0798674304031466,2
Mordellidae LEMA,0.0046807427580349914,0.004495680116548084,0.5208333333333333,1,3,3,1.850626414869076e-4,1.0411645483417988,2
B5 LEMA,0.015385790817231052,0.014069307885212946,0.5381850175967823,1,4,4,0.0013164829320181058,1.093571264681879,2
Musca_sp LEMA,0.016336497052190254,0.015434919231058422,1.72016317016317,1,7,7,9.015778211318316e-4,1.0584115671507799,2
Oedemeridae LEMA,0.007111318066595641,0.005610664957614057,0.33939393939393936,1,2,2,0.0015006531089815835,1.2674643950972504,2
B6 LEMA,0.012073311161893436,0.010954005528570213,0.6249874308697838,1,4,4,0.001119305633323223,1.1021823140771523,2
C2 LEMA,0.007199526314917981,0.005893793414939948,0.29524886877828055,1,3,3,0.0013057328999780326,1.2215437169324905,2
Lasioglossum_malachurum LEMA,0.015587123641485857,0.005385267023575287,2.6857142857142855,1.5416666666666667,6,6,0.01020185661791057,2.894401256845671,2
C3 LEMA,0.008696673151431262,0.008173450148499736,0.2708898944193062,1,3,3,5.232230029315263e-4,1.0640149500425553,2
C4 LEMA,0.010065391019374089,0.009565356720533295,1.2452488687782806,1,4,4,5.00034298840794e-4,1.0522755516025246,2
Dilophus_sp LEMA,0.002631947795808497,0.002578819151556662,0.125,1,1,1,5.312864425183498e-5,1.020601927133884,2
C5 LEMA,0.008967460259383431,0.008451125651343405,0.4583207642031172,1,3,3,5.163346080400266e-4,1.061096548476705,2
Andrena_sp LEMA,0.01116757666022433,0.006207289711233728,1.7357142857142858,1.75,5,5,0.004960286948990603,1.7991067244716572,2
C6 LEMA,0.006130954578171617,0.005809141641582668,0.2643539467068879,1,3,3,3.218129365889482e-4,1.0553976742941444,2
D1 LEMA,0.0059243952725879,0.0055450356609770685,0.05178481649069884,1,2,2,3.7935961161083154e-4,1.0684142780686798,2
D2 LEMA,0.008946255071964735,0.007485016392033684,0.30832076420311716,1,3,3,0.0014612386799310508,1.1952218409950643,2
D3 LEMA,0.005055957514093506,0.004744945954187469,0.026143790849673203,1,1,1,3.1101155990603726e-4,1.0655458593014249,2
D4 LEMA,0.005055957514093506,0.004744945954187468,0.026143790849673203,1,1,1,3.110115599060381e-4,1.065545859301425,2
D5 LEMA,0.00719952631491798,0.005893793414939951,0.29524886877828055,1,3,3,0.0013057328999780292,1.2215437169324899,2
D6 LEMA,0.008084242640802092,0.007664470599282007,0.48999497234791356,0.9999999999999999,3,3,4.197720415200848e-4,1.054768563083719,2
E1 LEMA,0.009002261097773549,0.008405556452850028,0.3790849673202614,1,2,2,5.967046449235208e-4,1.0709893090684317,2
E2 LEMA,0.01187224328003802,0.011115782376476025,0.7238310708898944,1,4,4,7.564609035619948e-4,1.0680528709488653,2
Sphaerophoria_scripta LEMA,0.0034852042964566383,0.003365042789244705,0.23376623376623376,1,2,2,1.2016150721193318e-4,1.035708760553058,2
E3 LEMA,0.008278971477105351,0.007770790334952935,0.5583207642031172,1,3,3,5.081811421524165e-4,1.0653963265315014,2
E4 LEMA,0.008539561788129046,0.0079363483448604,0.09049773755656108,1,2,2,6.032134432686458e-4,1.0760064222306078,2
E5 LEMA,0.008936401831906762,0.007493972828519153,0.3465309200603318,1,3,3,0.001442429003387609,1.1924785472797932,2
E6 LEMA,0.004635439205156668,0.004427499010115692,0.3464052287581699,1,2,2,2.0794019504097577e-4,1.0469656107355159,2
F1 LEMA,0.020175106845677658,0.014023508216459573,2.526143790849673,1,5,5,0.006151598629218085,1.4386633169293455,2
Cryptocephalus_sp LEMA,0.0031214855289841835,0.0026461347258173312,0.09090909090909091,1,1,1,4.753508031668523e-4,1.1796396829417017,2
Ulidiidae LEMA,0.014343977087951487,0.003725158486757484,0.9292929292929293,1.0588235294117647,3,3,0.010618818601194003,3.850568274864734,2
F2 LEMA,0.017716268378481878,0.011424957468778085,1.6105169340463457,1,4,4,0.006291310909703793,1.5506638363334457,2
Osmia_ligurica LEMA,0.008255312498537599,0.005878595043760609,0.4444444444444444,1,1,1,0.00237671745477699,1.4043002515200596,2
F3 LEMA,0.005924395272587902,0.005545035660977071,0.05178481649069884,1,2,2,3.793596116108307e-4,1.0684142780686798,2
F4 LEMA,0.015720399111295375,0.014869316311884416,2.290497737556561,1,5,5,8.510827994109588e-4,1.0572375206471816,2
Cerambycidae LEMA,0.002590372249584698,0.0025347245280847508,0.07692307692307693,1,1,1,5.5647721499947275e-5,1.0219541496061486,2
Eristalis_sp LEMA,0.002590372249584697,0.00253472452808475,0.07692307692307693,1,1,1,5.5647721499947275e-5,1.0219541496061486,2
F5 LEMA,0.004177666515541147,0.003953812683883334,0.038712921065862244,1,2,2,2.2385383165781335e-4,1.0566172071252373,2
F6 LEMA,0.004230036969975217,0.0040328466184297775,0.0988436400201106,1,3,3,1.9719035154543933e-4,1.0488960702458396,2
A2 PUPA,0.0024430497235644897,0.004347952628524449,0.2,1,1,1,-0.0019049029049599594,0.5618850830013711,2
Lasioglossum_malachurum PUPA,0.014675828726074824,0.01638501546190852,3.25,2.8333333333333335,5,5,-0.0017091867358336975,0.8956859857833414,2
A5 PUPA,0.003323599447128979,0.007133405257048898,0.4,1,1,1,-0.0038098058099199188,0.46592045837361523,2
A6 PUPA,0.0064455219249773535,0.007824836736859752,0.5,1,1,1,-0.0013793148118823985,0.8237260586684212,2
Bombilus_major PUPA,0.020681034035198203,0.014734909969081772,2.857142857142857,1.8,4,4,0.005946124066116431,1.4035398980104505,2
B1 PUPA,0.004477933201105675,0.006854780485554206,0.5,1,1,1,-0.0023768472844485303,0.653256980371945,2
Anastoechus_sp PUPA,0.016214173952673275,0.01245242467189225,2.133928571428571,2.3636363636363638,4,4,0.003761749280781025,1.3020897038046002,2
C2 PUPA,0.010416666666666666,0.010416666666666666,1,1,1,1,0,1,2
Lasioglossum_immunitum PUPA,0.010416666666666666,0.010416666666666666,1,1,1,1,0,1,2
C5 PUPA,0.0031345549739172107,0.006854780485554206,0.5,1,1,1,-0.003720225511636995,0.4572801390975226,2
Andrena_sp PUPA,0.010357068063454562,0.01245242467189225,1.7767857142857144,2.8,4,4,-0.0020953566084376887,0.8317310352282354,2
C6 PUPA,0.01025259858464054,0.020849134596587188,1.65,0.9999999999999999,4,4,-0.010596536011946647,0.4917517577117468,2
E6 PUPA,0.004004010962488677,0.004693668368429877,0.25,1,1,1,-6.896574059411997e-4,0.8530664393377448,2
A3 CETE,0.0289052539648056,0.010416666666666666,1,1,1,1,0.01848858729813893,2.774904380621338,3
Lasioglossum_malachurum CETE,0.03876137573381283,0.010416666666666666,2.4375,1.2049689440993787,3,3,0.028344709067146166,3.7210920704460317,3
B5 CETE,0.005672780783849311,0.010416666666666666,1,1,1,1,-0.0047438858828173554,0.5445869552495338,3
Andrena_sp CETE,0.011513391551398628,0.010416666666666666,2.4375,2.380952380952381,3,3,0.0010967248847319616,1.1052855889342683,3
A1 CHFU,0.005484592928010717,0.005417082639564578,0.09090909090909091,1,1,1,6.751028844613916e-5,1.012462480810809,3
Ulidiidae CHFU,0.050756496715432815,0.049882834159071014,8.666666666666668,1.0000000000000002,10,10,8.736625563618011e-4,1.0175142926638006,3
A4 CHFU,0.005484592928010717,0.0054170826395645785,0.09090909090909091,1,1,1,6.75102884461383e-5,1.0124624808108087,3
B3 CHFU,0.005484592928010717,0.00541708263956458,0.09090909090909091,1,1,1,6.751028844613656e-5,1.0124624808108083,3
B6 CHFU,0.05508188132186427,0.010416666666666666,1,1,1,1,0.044665214655197606,5.28786060689897,3
Brassicogethes_sp CHFU,0.06370255841312118,0.010416666666666666,1.5,1.0117302052785924,2,2,0.05328589174645452,6.115445607659634,3
C1 CHFU,0.005484592928010717,0.005417082639564579,0.09090909090909091,1,1,1,6.751028844613743e-5,1.0124624808108085,3
C3 CHFU,0.010665703214106797,0.010560011960179378,1.0909090909090908,1,2,2,1.056912539274188e-4,1.0100086301346975,3
Curculionidae CHFU,0.006095423865995388,0.006050505083076235,0.5,1,1,1,4.4918782919152814e-5,1.0074239724291438,3
C6 CHFU,0.04819496442376142,0.010416666666666666,1,1,1,1,0.03777829775709476,4.6267165846810965,3
Psilothrix_viridicoerulea CHFU,0.05571064699618784,0.010416666666666666,1.5,1.0154738878143132,2,2,0.04529398032952118,5.348222111634033,3
D1 CHFU,0.00900616754082107,0.010416666666666666,1,1,1,1,-0.001410499125845597,0.8645920839188227,3
Sarcophaga_sp CHFU,0.010880227065014752,0.010416666666666666,1.5,1.2424242424242424,2,2,4.6356039834808543e-4,1.0445017982414162,3
D2 CHFU,0.005484592928010717,0.005417082639564579,0.09090909090909091,1,1,1,6.751028844613743e-5,1.0124624808108085,3
D4 CHFU,0.005484592928010717,0.005417082639564579,0.09090909090909091,1,1,1,6.751028844613743e-5,1.0124624808108085,3
E4 CHFU,0.01359346942048443,0.013295597124874086,0.6818181818181819,1,2,2,2.978722956103446e-4,1.0224038298402611,3
Dilophus_sp CHFU,0.00985125544579529,0.009468074931164536,0.8333333333333333,1,2,2,3.8318051463075327e-4,1.0404707944768687,3
F2 CHFU,0.01044064104311694,0.009737621362627947,1,1,2,2,7.030196804889925e-4,1.0721962432414054,3
Musca_sp CHFU,0.01170748746901162,0.009767504745607107,1.1428571428571428,1.0606060606060606,3,3,0.0019399827234045132,1.1986160000871269,3
F4 CHFU,0.01017595040666466,0.009568272156447599,0.5909090909090909,1,2,2,6.07678250217061e-4,1.063509716308349,3
F6 CHFU,0.005484592928010717,0.005417082639564579,0.09090909090909091,1,1,1,6.751028844613743e-5,1.0124624808108085,3
A4 CHMI,0.004789350906660363,0.005869932432432434,0.3333333333333333,1,1,1,-0.0010805815257720714,0.8159124422281824,3
Musca_sp CHMI,0.01301586920333592,0.015202702702702705,2.0606060606060606,1.1428571428571428,3,3,-0.002186833499366785,0.8561549520416515,3
C1 CHMI,0.011897106109324762,0.011897106109324762,1.2,1,2,2,0,1,3
Calliphoridae CHMI,0.009989616827438373,0.009989616827438373,0.8333333333333334,1,1,1,0,1,3
Nemotelus_sp CHMI,0.010843716505894965,0.010843716505894965,1.1666666666666667,1,2,2,0,1,3
C2 CHMI,0.008016201813320726,0.010177364864864865,0.6666666666666666,1,1,1,-0.0021611630515441394,0.7876500370930903,3
F6 CHMI,0.008936227224008577,0.008936227224008577,0.8,1,1,1,0,1,3
A1 LEMA,0.00410028780718208,0.00756014109027436,0.08579272477693892,1,2,2,-0.0034598532830922802,0.5423559902151613,3
Brassicogethes_sp LEMA,0.054072209257187795,0.08579659862701662,12.82998417353256,1.4999999999999991,27,27,-0.031724389369828826,0.630237213624934,3
Psilothrix_viridicoerulea LEMA,0.04652621377408458,0.07147684395564007,12.906346903687329,1.4999999999999993,27,27,-0.024950630181555487,0.6509270863016792,3
A2 LEMA,0.0036728254292925705,0.0065003200354231605,0.07481125600549074,1,2,2,-0.00282749460613059,0.5650222464859725,3
A3 LEMA,0.00324536305140306,0.00544049898057196,0.06382978723404255,1,1,1,-0.0021951359291688998,0.5965193749676753,3
A4 LEMA,0.006537085081796733,0.009419078583106604,0.7311827956989247,1,2,2,-0.0028819935013098706,0.694025962743446,3
Andrena_sp LEMA,0.009257762371577818,0.005561653799452167,1.8333333333333335,1.7499999999999998,4,4,0.0036961085721256507,1.664570055131753,3
A5 LEMA,0.006864302767348079,0.011002420764390957,1.064516129032258,1,2,2,-0.004138117997042878,0.6238902251006626,3
Sarcophaga_sp LEMA,0.005867592901118271,0.005570524707028134,0.670995670995671,1.5,2,2,2.970681940901365e-4,1.0533285838792414,3
A6 LEMA,0.0041670337934711695,0.00767656372627742,0.09094028826355524,1,2,2,-0.0035095299328062506,0.5428254023616216,3
B1 LEMA,0.0021234543504676873,0.0028551663268573195,0.02127659574468085,1,1,1,-7.317119763896322e-4,0.7437235198850823,3
B2 LEMA,0.002617662714646284,0.004031410017711581,0.03740562800274537,1,2,2,-0.0014137473030652972,0.6493169147136746,3
B3 LEMA,0.0026176627146462855,0.004031410017711581,0.03740562800274537,1,2,2,-0.0014137473030652959,0.6493169147136749,3
B4 LEMA,0.003045125092535795,0.00509123107256278,0.04838709677419355,1,1,1,-0.0020461059800269852,0.5981117433357755,3
B5 LEMA,0.00702399168276414,0.009391163771096202,0.8417818740399385,0.9999999999999999,4,4,-0.002367172088332062,0.7479362360160663,3
Lasioglossum_malachurum LEMA,0.024163151641906782,0.019522831170490914,3.3523809523809525,1.6277173913043477,10,10,0.004640320471415868,1.2376868616489287,3
Malachius_bipustulatus LEMA,0.004135113004801902,0.005399099930361194,0.42063492063492064,1,3,3,-0.0012639869255592923,0.7658893256538164,3
B6 LEMA,0.0042337797797602555,0.007792986362280478,0.09608785175017158,1,2,2,-0.0035592065825202227,0.5432807890249298,3
C1 LEMA,0.002123454350467687,0.0028551663268573187,0.02127659574468085,1,1,1,-7.317119763896318e-4,0.7437235198850825,3
C2 LEMA,0.007215814196320602,0.010688708007017399,1.2860520094562649,0.9999999999999999,3,3,-0.0034728938106967965,0.6750875963290646,3
Anastoechus_sp LEMA,0.012322673898856744,0.013939334667884603,2.182539682539683,1.3125,6,6,-0.0016166607690278594,0.8840216690720146,3
Cassida_sp LEMA,0.0025847403444787514,0.003076733634327465,0.16666666666666666,1,1,1,-4.919932898487136e-4,0.8400923354691843,3
C3 LEMA,0.008176016803167731,0.012995098227463388,0.6488544628558355,1,4,4,-0.004819081424295657,0.6291616007864275,3
C4 LEMA,0.0076938990517311035,0.012137251257158933,1.5909402882635553,0.9999999999999998,4,4,-0.0044433522054278295,0.6339078666755786,3
Cerambycidae LEMA,0.0024967591705673487,0.003036309081226442,0.14285714285714285,1,1,1,-5.395499106590931e-4,0.8223007288700809,3
Elateridae LEMA,0.0033049881488886788,0.004423117204327142,0.30952380952380953,1,2,2,-0.001118129055438463,0.7472079070514803,3
C5 LEMA,0.0021234543504676864,0.0028551663268573195,0.02127659574468085,1,1,1,-7.317119763896331e-4,0.7437235198850821,3
D2 LEMA,0.0040131629740775,0.00639296845820279,0.12496323168938131,1,3,3,-0.00237980548412529,0.6277464061203412,3
D3 LEMA,0.0036060794430034823,0.0063838973994201,0.0696636925188744,1,2,2,-0.0027778179564166175,0.5648711464772368,3
D5 LEMA,0.00661682612796229,0.008572927833604135,1.0425531914893618,1,2,2,-0.0019561017056418445,0.7718280447930141,3
Bombilus_major LEMA,0.006072115144673919,0.005205994329281757,1,1.3125,2,2,8.661208153921624e-4,1.1663699114154926,3
D6 LEMA,0.004420246505151518,0.006402039516985477,0.18026277085988823,1,3,3,-0.001981793011833959,0.6904434896760643,3
E1 LEMA,0.008095624673599991,0.012632624787692894,1.2389449946073143,1,4,4,-0.004537000114092903,0.6408505603274948,3
Geometridae LEMA,0.0024226601215699985,0.0029047163836923703,0.125,1,1,1,-4.820562621223718e-4,0.8340436041092593,3
E2 LEMA,0.006632443601961027,0.01053187248396266,0.5906842718785066,0.9999999999999998,5,5,-0.0038994288820016322,0.6297497061477471,3
E3 LEMA,0.0035043736407015854,0.005347902736345123,0.1485167391138565,1,3,3,-0.0018435290956435374,0.6552799879633849,3
E4 LEMA,0.0032453630514030596,0.00544049898057196,0.06382978723404255,1,1,1,-0.0021951359291689,0.5965193749676752,3
E5 LEMA,0.002617662714646286,0.0040314100177115805,0.03740562800274537,1,2,2,-0.0014137473030652946,0.6493169147136751,3
E6 LEMA,0.0038543159879411673,0.004958786396934158,0.5161290322580645,1,2,2,-0.0011044704089929907,0.7772700171808478,3
Sphaerophoria_scripta LEMA,0.004229664997088399,0.005223629896658587,0.75,1,2,2,-9.939648995701883e-4,0.8097175873417065,3
F1 LEMA,0.004507371338256098,0.007569212149057052,0.14109226394744584,1,3,3,-0.003061840810800954,0.5954875156746151,3
F2 LEMA,0.005705145729327034,0.009789233810122576,0.6012354152367879,0.9999999999999999,3,3,-0.004084088080795543,0.5827979839880437,3
F3 LEMA,0.007385496690223106,0.013459501662111037,0.2770369644082753,1,3,3,-0.00607400497188793,0.5487199211107151,3
F4 LEMA,0.004842732716298362,0.007311273778642679,0.5483870967741935,1,2,2,-0.0024685410623443167,0.6623651176139385,3
F5 LEMA,0.0043910845667568844,0.006664395454978672,0.2596278502249676,1,3,3,-0.0022733108882217875,0.6588871558449464,3
F6 LEMA,0.006199466234880291,0.010216952919317679,0.3978494623655914,1,2,2,-0.004017486684437388,0.6067823042581184,3
A3 PUPA,0.001871586826317643,0.0034476878755342042,0.043478260869565216,1,1,1,-0.0015761010492165613,0.5428527447623572,3
Lasioglossum_malachurum PUPA,0.02509057766578514,0.0510109660438667,9.002329192546583,3.0000000000000004,12,12,-0.025920388378081558,0.49186634976111976,3
A4 PUPA,0.004724253381166427,0.010416666666666666,1,1,1,1,-0.005692413285500239,0.453528324591977,3
Andrena_sp PUPA,0.009919226293855457,0.010416666666666666,2.0267857142857144,2.6666666666666665,3,3,-4.97440372811209e-4,0.9522457242101239,3
B1 PUPA,0.007528633195337881,0.009703423782760377,1.3333333333333333,1,2,2,-0.0021747905874224954,0.7758738939871569,3
Bombilus_major PUPA,0.0059910495539645114,0.00568645510767316,0.8125,1.5,2,2,3.0459444629135114e-4,1.0535649082818466,3
Pieris_brassicae PUPA,0.009074841581498794,0.01167330685142891,1.5,1,3,3,-0.002598465269930116,0.7774010995340157,3
B4 PUPA,0.002180673652635286,0.005332875751068409,0.08695652173913043,1,1,1,-0.003152202098433123,0.4089113931068807,3
B5 PUPA,0.0024897604789529287,0.007218063626602614,0.13043478260869565,1,1,1,-0.0047283031476496856,0.34493468161970264,3
C3 PUPA,0.0021806736526352863,0.005332875751068409,0.08695652173913043,1,1,1,-0.0031522020984331225,0.4089113931068808,3
D4 PUPA,0.0021806736526352863,0.005332875751068409,0.08695652173913043,1,1,1,-0.0031522020984331225,0.4089113931068808,3
D5 PUPA,0.0034170209579058586,0.012873627253205228,0.2608695652173913,1,1,1,-0.00945660629529937,0.26542798627753506,3
E1 PUPA,0.004442791941075634,0.006755124816772395,0.37681159420289856,1,2,2,-0.002312332875696761,0.657692057746226,3
E2 PUPA,0.005704672702407176,0.00733158516853525,0.5833333333333333,1,2,2,-0.001626912466128074,0.7780954010995812,3
Anastoechus_sp PUPA,0.010678472491210142,0.01158422695198616,1.5625,1.4444444444444444,3,3,-9.05754460776018e-4,0.9218114023033084,3
F1 PUPA,0.0024897604789529287,0.007218063626602613,0.13043478260869565,1,1,1,-0.004728303147649684,0.34493468161970264,3
F4 PUPA,0.0021806736526352863,0.005332875751068409,0.08695652173913043,1,1,1,-0.0031522020984331225,0.4089113931068808,3
F6 PUPA,0.006584489589265195,0.010832632557425377,0.7934782608695652,1,2,2,-0.004248142968160182,0.6078383582531622,3
A1 LEMA,0.007971096398489341,0.008037905664740237,0.023809523809523808,1,1,1,-6.68092662508956e-5,0.9916882246399125,4
Brassicogethes_sp LEMA,0.19354797466621418,0.196849138410376,12.21969696969697,0.9999999999999999,17,17,-0.0033011637441618114,0.9832299812393398,4
A2 LEMA,0.015339471421239773,0.018894520512516152,0.5,1,1,1,-0.00355504909127638,0.8118476153485115,4
Lasioglossum_malachurum LEMA,0.0348520242221912,0.034918744608146104,2.083333333333333,1.3125,4,4,-6.67203859549062e-5,0.9980892673346755,4
A4 LEMA,0.007971096398489343,0.008037905664740237,0.023809523809523808,1,1,1,-6.680926625089387e-5,0.9916882246399127,4
A6 LEMA,0.015494707976613157,0.01793154997038163,0.3571428571428571,1,2,2,-0.002436841993768474,0.8641031033126797,4
B1 LEMA,0.01188813874292463,0.012021757275426419,0.047619047619047616,1,1,1,-1.3361853250178947e-4,0.9888852744702376,4
B2 LEMA,0.022111572042511265,0.022349784338223846,0.40476190476190477,1,2,2,-2.3821229571258096e-4,0.9893416288896723,4
Elateridae LEMA,0.02225785042994593,0.022391207478039694,1.5,1,3,3,-1.333570480937657e-4,0.9940442225715359,4
B3 LEMA,0.027027027027027015,0.02702702702702702,1,1,1,1,-6.938893903907228e-18,0.9999999999999998,4
Anthicidae LEMA,0.027027027027027015,0.02702702702702702,1,1,1,1,-6.938893903907228e-18,0.9999999999999998,4
B5 LEMA,0.015953241119804323,0.01612524861823363,0.10317460317460317,1,2,2,-1.7200749842930657e-4,0.9893330327797359,4
Psilothrix_viridicoerulea LEMA,0.08608452092215817,0.08689746373003507,5.5227272727272725,1,11,11,-8.129428078769013e-4,0.9906448039680137,4
C1 LEMA,0.02211157204251126,0.02234978433822384,0.40476190476190477,1,2,2,-2.382122957125775e-4,0.9893416288896724,4
C2 LEMA,0.01624936118469313,0.016364528082475686,0.16666666666666666,1,1,1,-1.1516689778255651e-4,0.9929624064194136,4
C3 LEMA,0.050426722350624856,0.05105052671714658,1.3333333333333333,1,3,3,-6.238043665217213e-4,0.9877806477888464,4
Cryptocephalus_sp LEMA,0.00795066441751143,0.007998867482197195,0.09090909090909091,1,1,1,-4.820306468576556e-5,0.9939737638118085,4
C4 LEMA,0.019870283464239604,0.020109100228919808,0.12698412698412698,1,2,2,-2.388167646802039e-4,0.9881239457777056,4
C5 LEMA,0.01595324111980432,0.01612524861823363,0.10317460317460317,1,2,2,-1.7200749842931004e-4,0.9893330327797357,4
D1 LEMA,0.030709861304524275,0.03104149700862167,0.6507936507936508,0.9999999999999999,3,3,-3.3163570409739523e-4,0.9893163753022194,4
Lasioglossum_immunitum LEMA,0.01628831881376325,0.01634951804474276,0.5,1,2,2,-6.119923097950772e-5,0.9962568174296008,4
D2 LEMA,0.027824827323182075,0.027875006756943422,1.5,1,2,2,-5.0179433761347175e-5,0.9981998413776583,4
Lasioglossum_sp LEMA,0.01982145620385723,0.019849891216321993,0.6666666666666666,1,1,1,-2.8435012464762127e-5,0.9985674978187598,4
D3 LEMA,0.027027027027027015,0.02702702702702702,1,1,1,1,-6.938893903907228e-18,0.9999999999999998,4
Ulidiidae LEMA,0.027027027027027015,0.02702702702702702,1,1,1,1,-6.938893903907228e-18,0.9999999999999998,4
D6 LEMA,0.007971096398489341,0.008037905664740235,0.023809523809523808,1,1,1,-6.680926625089387e-5,0.9916882246399127,4
E1 LEMA,0.029688086967225788,0.03011132877615374,0.8571428571428571,1,3,3,-4.232418089279537e-4,0.9859441005717711,4
Oedemeridae LEMA,0.01680297077311301,0.01722873367586801,0.5833333333333333,1,2,2,-4.257629027549989e-4,0.9752876264289024,4
E2 LEMA,0.008119156430933748,0.008157545396861266,0.05555555555555555,1,1,1,-3.838896592751884e-5,0.9952940542700149,4
E3 LEMA,0.0103604450092054,0.010398229506165303,0.3333333333333333,1,1,1,-3.7784496959902825e-5,0.9963662566846115,4
E5 LEMA,0.027704368153110174,0.028076803450292176,0.1746031746031746,1,2,2,-3.7243529718200205e-4,0.9867351246789411,4
F1 LEMA,0.012184258807813432,0.012261036739668475,0.1111111111111111,1,1,1,-7.677793185504288e-5,0.9937380554772631,4
F2 LEMA,0.02041078625103522,0.021850053969743048,0.5476190476190476,1,3,3,-0.001439267718707827,0.9341297865579252,4
F3 LEMA,0.01203619877536903,0.012141397007547442,0.07936507936507936,1,2,2,-1.0519823217841097e-4,0.9913355743072221,4
F4 LEMA,0.015805181087359912,0.01600560888611259,0.07142857142857142,1,1,1,-2.0042779875267813e-4,0.9874776523543205,4
A4 PUPA,0.03190481122399944,0.02702702702702702,1,1,1,1,0.004877784196972421,1.1804780152879797,4
Lasioglossum_malachurum PUPA,0.038226529448944654,0.02702702702702702,1.3125,1.1666666666666667,2,2,0.011199502421917633,1.4143815896109524,4
A6 LEMA,0.03072909530666144,0.03072909530666144,0.20833333333333334,1,1,1,0,1,5
Psilothrix_viridicoerulea LEMA,0.14215645977095087,0.14215645977095087,6.833333333333333,1,12,12,0,1,5
B4 LEMA,0.010590263505776729,0.010590263505776729,0.041666666666666664,1,1,1,0,1,5
B5 LEMA,0.030317336497400812,0.030317336497400812,1.1083333333333334,1,3,3,0,1,5
Brassicogethes_sp LEMA,0.21148583126294856,0.21148583126294856,8.996031746031745,1,13,13,0,1,5
Musca_sp LEMA,0.011997989561253227,0.011997989561253227,0.25,1,1,1,0,1,5
B6 LEMA,0.01059026350577673,0.01059026350577673,0.041666666666666664,1,1,1,0,1,5
C2 LEMA,0.010049629469893216,0.010049629469893216,0.025,1,1,1,0,1,5
C4 LEMA,0.019037777298568533,0.019037777298568533,0.075,1,1,1,0,1,5
C5 LEMA,0.03703703703703702,0.03703703703703702,1,1,1,1,0,1,5
Cylindromyia_sp LEMA,0.03703703703703702,0.03703703703703702,1,1,1,1,0,1,5
C6 LEMA,0.015084337420114393,0.015084337420114393,0.06666666666666667,1,2,2,0,1,5
D1 LEMA,0.01059026350577673,0.01059026350577673,0.041666666666666664,1,1,1,0,1,5
D2 LEMA,0.03935364506183838,0.03935364506183838,1.15,1,3,3,0,1,5
Lasioglossum_sp LEMA,0.016705754989743096,0.016705754989743096,0.3333333333333333,1,1,1,0,1,5
D5 LEMA,0.014543703384230871,0.014543703384230871,0.05,1,1,1,0,1,5
E1 LEMA,0.04273427723600084,0.04273427723600084,1.1833333333333333,1,3,3,0,1,5
Elateridae LEMA,0.010744717791355655,0.010744717791355655,0.14285714285714285,1,1,1,0,1,5
F1 LEMA,0.021479132198323043,0.021479132198323043,0.55,1,2,2,0,1,5
Ulidiidae LEMA,0.016318656033158036,0.016318656033158036,0.4444444444444444,1,2,2,0,1,5
F2 LEMA,0.04654285482047799,0.04654285482047799,0.24166666666666667,1,2,2,0,1,5
F3 LEMA,0.03863597506356972,0.03863597506356972,0.225,1,2,2,0,1,5
F4 LEMA,0.0380953410276862,0.0380953410276862,0.20833333333333331,1,2,2,0,1,5
F5 LEMA,0.01454370338423087,0.01454370338423087,0.05,1,1,1,0,1,5
F6 LEMA,0.049524843756116016,0.049524843756116016,0.7333333333333334,1,3,3,0,1,5
A6 PUPA,0.03703703703703702,0.03703703703703702,1,1,1,1,0,1,5
Lasioglossum_malachurum PUPA,0.03703703703703702,0.03703703703703702,1,1,1,1,0,1,5
A3 LEMA,0.0524827924035765,0.05024000188290638,0.3333333333333333,1,2,2,0.0022427905206701196,1.0446415293912081,6
Brassicogethes_sp LEMA,0.1909736450750328,0.17896496296131348,5.635714285714286,1,8,8,0.012008682113719332,1.0671007437154905,6
Psilothrix_viridicoerulea LEMA,0.12907295676533911,0.1252501763802105,4.483333333333333,1,7,7,0.0038227803851286213,1.0305211576990052,6
A5 LEMA,0.025428192684613528,0.024886632130053637,0.16666666666666666,1,1,1,5.41560554559891e-4,1.0217611025762658,6
B6 LEMA,0.025428192684613524,0.024886632130053626,0.16666666666666666,1,1,1,5.41560554559898e-4,1.021761102576266,6
C2 LEMA,0.034321924726377316,0.032916991138357214,0.19444444444444442,1,2,2,0.001404933588020102,1.0426811060013008,6
C3 LEMA,0.016285524913735333,0.01601474463645539,0.08333333333333333,1,1,1,2.707802772799438e-4,1.016908185764233,6
C6 LEMA,0.09771889821762696,0.07477954996702962,2.111111111111111,1,3,3,0.022939348250597333,1.306759645661298,6
Lasioglossum_malachurum LEMA,0.07817703661943429,0.043464352841128664,1.5714285714285714,1.1785714285714286,2,2,0.03471268377830562,1.798647201884905,6
Malachius_bipustulatus LEMA,0.019008723354997554,0.01622323106742503,0.14285714285714285,1,1,1,0.0027854922875725253,1.1716977509594606,6
D6 LEMA,0.02530372482005632,0.024465867887406303,0.1388888888888889,1,2,2,8.378569326500176e-4,1.0342459518095126,6
E6 LEMA,0.12487857918627661,0.11944205346072809,2.638888888888889,1,4,4,0.005436525725548522,1.0455160102160836,6
Musca_sp LEMA,0.015988423168551733,0.015603335929658716,0.08333333333333333,1,1,1,3.8508723889301745e-4,1.024679801846799,6
Oedemeridae LEMA,0.01598842316855174,0.01560333592965872,0.08333333333333333,1,1,1,3.850872388930209e-4,1.0246798018467993,6
F4 LEMA,0.016161057049178137,0.015593980393808058,0.05555555555555555,1,1,1,5.670766553700791e-4,1.0363650999327438,6
F5 LEMA,0.01616105704917814,0.015593980393808056,0.05555555555555555,1,1,1,5.670766553700843e-4,1.0363650999327443,6
F6 LEMA,0.01616105704917814,0.015593980393808056,0.05555555555555555,1,1,1,5.670766553700843e-4,1.0363650999327443,6
C6 PUPA,0.017244591983435215,0.04043022614451186,0.42857142857142855,1,1,1,-0.023185634161076645,0.42652722054526665,6
Lasioglossum_malachurum PUPA,0.0554605050070953,0.09137709137709137,3.178571428571429,2,4,4,-0.03591658636999607,0.6069410195846908,6
E5 PUPA,0.017244591983435215,0.04043022614451185,0.42857142857142855,1,1,1,-0.02318563416107663,0.42652722054526676,6
F3 PUPA,0.010510102089716502,0.018238646810075382,0.14285714285714285,1,1,1,-0.007728544720358881,0.5762544885682264,6
C2 BEMA,0.025224837728332603,0.02245322245322245,2,1,2,2,0.0027716152751101515,1.1234395321599984,7
Musca_sp BEMA,0.019555402004227965,0.011850311850311851,1.5,1.5,2,2,0.007705090153916114,1.6502014673743246,7
Sphaerophoria_scripta BEMA,0.03375615244656765,0.01185031185031185,2.875,2.4242424242424243,4,4,0.021905840596255798,2.848545495929656,7
E6 BEMA,0.015384615384615382,0.015384615384615382,1,1,1,1,0,1,7
Episyrphus_balteatus BEMA,0.015384615384615382,0.015384615384615382,1,1,1,1,0,1,7
C4 CETE,0.01229293123421199,0.015384615384615382,1,1,1,1,-0.003091684150403392,0.7990405302237795,7
Lasioglossum_malachurum CETE,0.01566311988473676,0.015384615384615382,1.4375,1.3333333333333333,2,2,2.785045001213772e-4,1.0181027925078896,7
A4 CHFU,0.008528066528066532,0.008528066528066532,0.2,1,1,1,0,1,7
Ulidiidae CHFU,0.036590436590436606,0.036590436590436606,4,1,4,4,0,1,7
E1 CHFU,0.008528066528066532,0.008528066528066532,0.2,1,1,1,0,1,7
E4 CHFU,0.008528066528066534,0.008528066528066534,0.2,1,1,1,0,1,7
F2 CHFU,0.014748440748440757,0.014748440748440757,0.4,1,1,1,0,1,7
A1 LEMA,0.00931568047438194,0.009463049308772046,1.0416666666666667,1,2,2,-1.4736883439010577e-4,0.9844269188945789,7
Braconidae LEMA,0.006266856509304632,0.0063294882639204275,0.5,1,1,1,-6.263175461579569e-5,0.9901047680311201,7
Psilothrix_viridicoerulea LEMA,0.047468050836160784,0.05012589110816115,6.161147186147185,0.9999999999999999,16,16,-0.0026578402720003683,0.9469766978054254,7
A2 LEMA,0.008391038930077387,0.008835012733755419,0.07272727272727272,1,1,1,-4.439738036780324e-4,0.9497483685584552,7
Brassicogethes_sp LEMA,0.09840707771505278,0.1055890068921974,11.543864468864468,1.0000000000000002,23,23,-0.007181929177144622,0.9319822262891713,7
A3 LEMA,0.005349365618884849,0.005571352520723862,0.03636363636363636,1,1,1,-2.219869018390136e-4,0.9601556532254448,7
A4 LEMA,0.010392846020226934,0.010897228450965987,0.16136363636363638,1,2,2,-5.043824307390532e-4,0.9537146134901539,7
A5 LEMA,0.008364636206633686,0.008622114354554962,0.5833333333333334,1,2,2,-2.5747814792127614e-4,0.9701374700759735,7
Oedemeridae LEMA,0.006340290897364676,0.006503148454983303,0.4583333333333333,1,2,2,-1.6285755761862725e-4,0.9749571213473021,7
A6 LEMA,0.006790885663964642,0.006960307218767216,0.5181818181818182,1,2,2,-1.69421554802574e-4,0.9756588970173962,7
Cryptocephalus_sp LEMA,0.006970251060414273,0.0071077289519038385,0.7,1,2,2,-1.3747789148956576e-4,0.9806579721286725,7
B1 LEMA,0.009328728943859586,0.009732710667334343,0.12948717948717947,1,2,2,-4.0398172347475697e-4,0.9584923730620463,7
Andrena_humilis LEMA,0.09326139763113046,0.09876009270571522,8.83070263070263,1,15,15,-0.005498695074584753,0.9443227023796977,7
B2 LEMA,0.01139690043969675,0.011824485392200098,1.067132867132867,1,3,3,-4.275849525033487e-4,0.9638390223065944,7
Malachius_bipustulatus LEMA,0.0042451653824407565,0.004317854824366325,0.2,1,1,1,-7.26894419255681e-5,0.9831653807544963,7
B3 LEMA,0.016184573670159293,0.016997765638263978,0.1955128205128205,1,2,2,-8.131919681046845e-4,0.9521588904441597,7
B4 LEMA,0.009168405465675161,0.00958924879710275,0.106002331002331,1,3,3,-4.208433314275891e-4,0.9561130031838635,7
B5 LEMA,0.019065923503167416,0.020117963981063938,0.2083916083916084,1,2,2,-0.0010520404778965216,0.9477064140841113,7
B6 LEMA,0.012064269290641347,0.012639517390751745,0.12307692307692308,1,1,1,-5.752481001103978e-4,0.9544881278037322,7
C1 LEMA,0.009168405465675163,0.009589248797102747,0.106002331002331,1,3,3,-4.208433314275839e-4,0.956113003183864,7
C2 LEMA,0.00626767320902584,0.006522478684972944,0.04895104895104895,1,2,2,-2.548054759471041e-4,0.9609342570127294,7
C3 LEMA,0.003828528963288579,0.0039395224142080845,0.01818181818181818,1,1,1,-1.109934509195055e-4,0.9718256582271998,7
C4 LEMA,0.013834576588083469,0.015426616387950154,0.5484265734265734,1,5,5,-0.001592039799866685,0.8967991580376472,7
Lasioglossum_malachurum LEMA,0.01123496279717276,0.008577330842995867,1.0583333333333333,1.4374999999999998,4,4,0.0026576319541768926,1.3098437034578279,7
Sphaerophoria_scripta LEMA,0.02258818496973439,0.022974389647424452,1.887012987012987,1.8749999999999998,11,11,-3.862046776900614e-4,0.9831897741956616,7
C5 LEMA,0.003828528963288579,0.003939522414208085,0.01818181818181818,1,1,1,-1.1099345091950636e-4,0.9718256582271996,7
C6 LEMA,0.015648172528246178,0.01649434114667065,0.6272727272727272,1,2,2,-8.461686184244727e-4,0.9486994593539573,7
D1 LEMA,0.01969556598737429,0.021552905755413396,0.2965034965034965,1,3,3,-0.001857339768039104,0.9138241595302016,7
D4 LEMA,0.010032420166235262,0.01166146208626412,1.0909090909090908,1,2,2,-0.0016290419200288581,0.8603055167543969,7
Lagorina_sericea LEMA,0.007992730401892289,0.008915854156575307,0.6666666666666666,1,1,1,-9.231237546830189e-4,0.8964626676848197,7
D5 LEMA,0.01044960203257053,0.010834741624914507,0.5643356643356643,1,3,3,-3.851395923439773e-4,0.9644532739517897,7
D6 LEMA,0.01755929173724756,0.02191104275513221,1.7696969696969695,1,4,4,-0.0043517510178846495,0.8013900540235429,7
Nemotelus_sp LEMA,0.003800232105358351,0.004170130941878546,0.1,1,1,1,-3.698988365201947e-4,0.9112980283651323,7
E1 LEMA,0.014516544097004725,0.014864077407124515,2.036363636363636,1,3,3,-3.475333101197898e-4,0.9766192478281085,7
Anastoechus_sp LEMA,0.005392457928305812,0.005466308756706268,0.25,1,1,1,-7.385082840045618e-5,0.9864898175922,7
Cylindromyia_sp LEMA,0.005392457928305812,0.005466308756706268,0.25,1,1,1,-7.385082840045618e-5,0.9864898175922,7
E2 LEMA,0.01284458969275771,0.014304352302964556,0.27045454545454545,1,3,3,-0.001459762610206845,0.8979497582771147,7
E4 LEMA,0.007961432769600053,0.009121938242954037,0.16893939393939394,1,3,3,-0.0011605054733539837,0.8727786307640943,7
E5 LEMA,0.006203279891350535,0.006513228023288513,0.375,1,2,2,-3.099481319379779e-4,0.9524125163698037,7
E6 LEMA,0.013583191381073063,0.015165444827652195,0.2153846153846154,1,3,3,-0.0015822534465791318,0.8956671917928777,7
F1 LEMA,0.003988852441473005,0.004082984284439684,0.041666666666666664,1,1,1,-9.4131842966679e-5,0.9769453330189349,7
F2 LEMA,0.006427996687210263,0.006665940555204546,0.07243589743589743,1,2,2,-2.3794386799428323e-4,0.9643045319675849,7
F3 LEMA,0.009469669998402805,0.009929600768236096,0.1087995337995338,1,3,3,-4.599307698332916e-4,0.9536808396864687,7
F4 LEMA,0.010560900493521735,0.011848356383950497,0.22319347319347319,0.9999999999999999,4,4,-0.0012874558904287618,0.8913388618042651,7
F5 LEMA,0.011753359197638778,0.012385596687250169,0.15606060606060607,1,2,2,-6.322374896113904e-4,0.9489538125957048,7
B2 MESU,0.008834845969686608,0.015384615384615382,1,1,1,1,-0.006549769414928774,0.5742649880296297,7
Musca_sp MESU,0.015358008616457175,0.015384615384615382,1.5,2,2,2,-2.660676815820738e-5,0.9982705600697165,7
C1 MESU,0.00887516466190654,0.015384615384615382,1,1,1,1,-0.006509450722708842,0.5768857030239252,7
Sphaerophoria_scripta MESU,0.023881717651688117,0.015384615384615382,2.2875,3.090909090909091,4,4,0.008497102267072735,1.5523116473597278,7
A2 SPRU,0.01262813261295721,0.015384615384615382,1,1,1,1,-0.0027564827716581725,0.8208286198422188,7
Sphaerophoria_scripta SPRU,0.03267219604661402,0.015384615384615382,3.1458333333333335,2.690909090909091,4,4,0.017287580661998637,2.1236927430299115,7
F1 SPRU,0.015384615384615382,0.015384615384615382,1,1,1,1,0,1,7
Lasioglossum_sp SPRU,0.015384615384615382,0.015384615384615382,1,1,1,1,0,1,7
E3 BEMA,0.0032832622924564674,0.008000000000000002,1,1,1,1,-0.0047167377075435345,0.41040778655705834,8
Lomatia_sp BEMA,0.004901793629309334,0.008000000000000002,1.1875,2,2,2,-0.0030982063706906683,0.6127242036636665,8
F5 BEMA,0.009390921876388705,0.008000000000000002,1,1,1,1,0.0013909218763887028,1.1738652345485878,8
Sphaerophoria_scripta BEMA,0.01204547334763045,0.008000000000000002,1.375,1.25,2,2,0.004045473347630448,1.5056841684538058,8
A1 CHFU,0.004088363233947567,0.004184950214561749,0.03278688524590164,1,1,1,-9.658698061418194e-5,0.9769203991296951,8
Ulidiidae CHFU,0.1036412689828245,0.10710703711074514,24.166666666666664,1.0000000000000002,27,27,-0.0034657681279206404,0.96764201287412,8
A2 CHFU,0.008832315722366306,0.00817382190308787,1.0491803278688525,1,2,2,6.584938192784363e-4,1.0805613123317104,8
Andrena_sp CHFU,0.005293750061141635,0.0029369371544061738,0.75,1.3636363636363638,2,2,0.0023568129067354613,1.8024730468609536,8
A3 CHFU,0.006976726467895132,0.007169900429123499,0.06557377049180328,1,1,1,-1.9317396122836648e-4,0.9730576507807959,8
A4 CHFU,0.006976726467895135,0.007169900429123501,0.06557377049180328,1,1,1,-1.9317396122836648e-4,0.973057650780796,8
A5 CHFU,0.006728908760413923,0.006856136396788255,1.0327868852459017,1,2,2,-1.2722763637433143e-4,0.9814432460191529,8
Eupeodes_corollae CHFU,0.0031065241487839425,0.0031425719790900064,0.3333333333333333,1,1,1,-3.604783030606391e-5,0.9885291950205378,8
A6 CHFU,0.007997003631940624,0.008173821903087871,1.0491803278688525,1,2,2,-1.7681827114724748e-4,0.9783677362629531,8
Syrphidae CHFU,0.0028993632717873824,0.0029369371544061738,0.25,1,1,1,-3.757388261879137e-5,0.987206439687543,8
B1 CHFU,0.004088363233947566,0.004184950214561748,0.03278688524590164,1,1,1,-9.658698061418194e-5,0.9769203991296951,8
B2 CHFU,0.0026441816169737844,0.0026924751072808753,0.01639344262295082,1,1,1,-4.829349030709097e-5,0.9820635332239478,8
B4 CHFU,0.0026441816169737852,0.002692475107280875,0.01639344262295082,1,1,1,-4.829349030708967e-5,0.9820635332239483,8
B5 CHFU,0.002644181616973784,0.0026924751072808745,0.01639344262295082,1,1,1,-4.8293490307090535e-5,0.982063533223948,8
B6 CHFU,0.0026441816169737844,0.0026924751072808745,0.01639344262295082,1,1,1,-4.82934903070901e-5,0.9820635332239481,8
C1 CHFU,0.006976726467895135,0.007169900429123499,0.06557377049180328,1,1,1,-1.9317396122836387e-4,0.9730576507807963,8
C2 CHFU,0.008420908084868919,0.008662375536404372,0.08196721311475409,1,1,1,-2.4146745153545354e-4,0.972124569002964,8
C3 CHFU,0.006728908760413921,0.0068561363967882556,1.0327868852459017,1,2,2,-1.272276363743349e-4,0.9814432460191523,8
Sarcophaga_sp CHFU,0.003106524148783944,0.0031425719790900055,0.3333333333333333,1,1,1,-3.604783030606131e-5,0.9885291950205387,8
C4 CHFU,0.003704354207333409,0.004795001843652345,0.45,1,2,2,-0.001090647636318936,0.772544897399207,8
Musca_sp CHFU,0.009455063055196713,0.011316728607155083,2.7666666666666666,1.7272727272727273,6,6,-0.0018616655519583698,0.8354943715110992,8
Psilothrix_viridicoerulea CHFU,0.01338626256496087,0.007864272849110501,1.6442307692307692,1.807486631016043,4,4,0.005521989715850368,1.7021615121701863,8
C5 CHFU,0.005018940492537982,0.006108794077778115,0.23278688524590166,1,2,2,-0.0010898535852401333,0.8215926791173597,8
C6 CHFU,0.013980688218892885,0.014514186872339617,1.8155737704918034,1,3,3,-5.334986534467328e-4,0.9632429526959276,8
Dilophus_sp CHFU,0.0026854481232573696,0.002742132355186084,0.125,1,1,1,-5.66842319287145e-5,0.9793284114016196,8
D1 CHFU,0.00501894049253798,0.006108794077778114,0.23278688524590166,1,2,2,-0.0010898535852401333,0.8215926791173596,8
D2 CHFU,0.0021305772585904145,0.003123843863216364,0.2,1,1,1,-9.932666046259496e-4,0.6820370517483979,8
D3 CHFU,0.002644181616973785,0.0026924751072808753,0.01639344262295082,1,1,1,-4.8293490307090535e-5,0.982063533223948,8
D4 CHFU,0.002644181616973785,0.0026924751072808753,0.01639344262295082,1,1,1,-4.8293490307090535e-5,0.982063533223948,8
D5 CHFU,0.002644181616973785,0.0026924751072808758,0.01639344262295082,1,1,1,-4.829349030709097e-5,0.9820635332239478,8
E1 CHFU,0.004088363233947566,0.004184950214561748,0.03278688524590164,1,1,1,-9.658698061418194e-5,0.9769203991296951,8
E3 CHFU,0.0026441816169737852,0.0026924751072808758,0.01639344262295082,1,1,1,-4.8293490307090535e-5,0.982063533223948,8
F1 CHFU,0.005532544850921349,0.0056774253218426236,0.04918032786885246,1,1,1,-1.448804709212742e-4,0.9744813075103113,8
F2 CHFU,0.004088363233947566,0.004184950214561749,0.03278688524590164,1,1,1,-9.65869806141828e-5,0.9769203991296949,8
F3 CHFU,0.008420908084868919,0.00866237553640437,0.08196721311475409,1,1,1,-2.414674515354518e-4,0.9721245690029641,8
F4 CHFU,0.0035747588755641983,0.004616318970497239,0.21639344262295082,1,2,2,-0.001041560094933041,0.774374322573977,8
F5 CHFU,0.002644181616973785,0.0026924751072808753,0.01639344262295082,1,1,1,-4.8293490307090535e-5,0.982063533223948,8
A1 LEMA,0.0015208655654632083,0.0024540534137427504,0.0196078431372549,1,1,1,-9.331878482795421e-4,0.6197361300069222,8
Brassicogethes_sp LEMA,0.04091035959655902,0.075243204824565,16.28735920941803,2.125,24,24,-0.034332845228005976,0.5437083613323554,8
A5 LEMA,0.0018417311309264163,0.003708106827485498,0.0392156862745098,1,1,1,-0.0018663756965590819,0.4966769342444515,8
A6 LEMA,0.0015208655654632087,0.00245405341374275,0.0196078431372549,1,1,1,-9.331878482795413e-4,0.6197361300069224,8
B2 LEMA,0.002817238364880034,0.007582225204047837,0.1764705882352941,1,2,2,-0.0047649868391678035,0.3715582548743114,8
Psilothrix_viridicoerulea LEMA,0.017184343797873237,0.026200649628195884,6.0026302129243305,2.625,16,16,-0.009016305830322646,0.6558747222580417,8
B3 LEMA,0.0018546416684904104,0.003820064962819589,0.11764705882352941,1,1,1,-0.0019654232943291786,0.4855000337799229,8
B4 LEMA,0.002483462261852833,0.006216213654970999,0.0784313725490196,1,1,1,-0.0037327513931181664,0.39951365890824087,8
B5 LEMA,0.003769568997927221,0.006228022165732823,1.0392156862745099,1,2,2,-0.002458453167805602,0.6052594062153074,8
Cryptocephalus_sp LEMA,0.0022680445494127122,0.0029646062802909665,0.3333333333333333,1,1,1,-6.965617308782542e-4,0.7650407288451507,8
B6 LEMA,0.0037733797924876617,0.011288406377609046,0.19607843137254904,1,2,2,-0.007515026585121384,0.3342703714115302,8
C1 LEMA,0.0021690519651716214,0.005018139308895294,0.09803921568627451,1,2,2,-0.002849087343723673,0.43224227779541696,8
C2 LEMA,0.0015208655654632083,0.0024540534137427504,0.0196078431372549,1,1,1,-9.331878482795421e-4,0.6197361300069222,8
C3 LEMA,0.0015273208342452046,0.002510032481409795,0.058823529411764705,1,1,1,-9.827116471645904e-4,0.6084864819706889,8
C4 LEMA,0.00692368347091242,0.009605522796010596,1.1176470588235294,1,3,3,-0.002681839325098176,0.7208023569303268,8
Andrena_sp LEMA,0.009454353843238983,0.003921564792203002,1.696969696969697,1.8125,3,3,0.005532789051035981,2.4108625878211867,8
C5 LEMA,0.0021690519651716205,0.0050181393088952935,0.09803921568627451,1,2,2,-0.002849087343723673,0.43224227779541685,8
C6 LEMA,0.0015208655654632087,0.0024540534137427504,0.0196078431372549,1,1,1,-9.331878482795417e-4,0.6197361300069223,8
D1 LEMA,0.016836128224943868,0.015221146130233882,2.269607843137255,1,4,4,0.0016149820947099856,1.1061012147766018,8
Anthicidae LEMA,0.012882016149926732,0.01060943578959913,0.8522727272727273,1.3125,2,2,0.0022725803603276026,1.2142036961621943,8
Musca_sp LEMA,0.008414894735972496,0.002376179473699892,1.8181818181818183,1.4125,3,3,0.006038715262272603,3.5413548635995347,8
Sphaerophoria_scripta LEMA,0.012351014619490406,0.008137975259703372,0.9837662337662338,1.375,4,4,0.0042130393597870335,1.5177011757025909,8
D2 LEMA,0.005443275671542736,0.005438831176113893,1.0196078431372548,1,2,2,4.444495428843065e-6,1.000817178412958,8
Cylindromyia_sp LEMA,0.005479837648199343,0.003511503249848405,1.5,1.1875,2,2,0.0019683343983509377,1.5605389653094903,8
D4 LEMA,0.001841731130926417,0.0037081068274854986,0.0392156862745098,1,1,1,-0.0018663756965590817,0.4966769342444516,8
D5 LEMA,0.0032053812301814266,0.005240775122446306,0.4196078431372549,1,2,2,-0.0020353938922648795,0.6116235013505422,8
Andrena_humilis LEMA,0.008979954830299322,0.008196240319716344,1.476923076923077,1.8125,4,4,7.837145105829783e-4,1.0956187812963127,8
D6 LEMA,0.005040441830027947,0.010509619292810512,0.4068627450980392,1,3,3,-0.005469177462782564,0.4796027039224956,8
E1 LEMA,0.001848186399708413,0.0037640858951525436,0.0784313725490196,1,2,2,-0.0019158994954441306,0.49100537320057974,8
E3 LEMA,0.004766505476809958,0.005877725382108938,0.7254901960784313,1,2,2,-0.00111121990529898,0.8109438884842435,8
Lomatia_sp LEMA,0.006787997228904078,0.005942987471822021,1.9166666666666665,1.1875,3,3,8.450097570820566e-4,1.1421860236267654,8
E4 LEMA,0.0037821890176720024,0.006646006691577826,0.39215686274509803,1,2,2,-0.0028638176739058233,0.5690919665285613,8
E5 LEMA,0.006625184342799876,0.009889243350470997,1.4588235294117649,1,3,3,-0.0032640590076711204,0.6699384480698756,8
Anastoechus_sp LEMA,0.004015703345689947,0.005402928423950175,0.5,1,1,1,-0.001387225078260228,0.7432457050308278,8
F1 LEMA,0.0018546416684904097,0.003820064962819588,0.11764705882352941,1,1,1,-0.001965423294329178,0.48550003377992285,8
F2 LEMA,0.0018417311309264165,0.0037081068274854977,0.0392156862745098,1,1,1,-0.0018663756965590812,0.4966769342444516,8
F3 LEMA,0.0015208655654632085,0.002454053413742751,0.0196078431372549,1,1,1,-9.331878482795423e-4,0.6197361300069222,8
F4 LEMA,0.005069165718867696,0.004169386915720723,0.5,1,1,1,8.997788031469729e-4,1.21580602168495,8
Malachius_bipustulatus LEMA,0.009103919338512225,0.006986792742872289,1.25,1,2,2,0.0021171265956399362,1.3030183767508723,8
F5 LEMA,0.016918251658704395,0.010554418185927878,2,1,3,3,0.006363833472776517,1.602954455723705,8
Lasioglossum_malachurum LEMA,0.011548561520514552,0.0034428138645096746,2.25,1.2222222222222223,3,3,0.008105747656004877,3.354396134964821,8
F6 LEMA,0.009086817232518663,0.018727883623595898,2.4156862745098042,1,5,5,-0.009641066391077235,0.4852025682747127,8
Episyrphus_balteatus LEMA,0.0031441337991912756,0.0036490309353933107,0.6538461538461539,1.1875,2,2,-5.048971362020351e-4,0.8616352820402673,8
Lasiocampa_trifolii LEMA,0.0029824141494555843,0.0048735464030899645,0.23076923076923078,1,1,1,-0.0018911322536343802,0.6119597317396323,8
B4 MESU,0.004106700041072695,0.008000000000000002,1,1,1,1,-0.0038932999589273067,0.5133375051340868,8
Lasioglossum_malachurum MESU,0.006965947810849595,0.008000000000000002,1.3875,2.037037037037037,3,3,-0.0010340521891504069,0.8707434763561992,8
C1 MESU,0.003166445487793679,0.008000000000000002,1,1,1,1,-0.004833554512206323,0.3958056859742098,8
Cylindromyia_sp MESU,0.004626930559514539,0.008000000000000002,1.1875,2,2,2,-0.0033730694404854626,0.5783663199393173,8
F5 MESU,0.002265701171672218,0.002359447004608296,0.1,1,1,1,-9.37458329360783e-5,0.9602678794001387,8
Osmia_ligurica MESU,0.012537660843202562,0.013640552995391715,1.9,1,2,2,-0.001102892152189153,0.9191460820861331,8
F6 MESU,0.012303025944158401,0.013640552995391712,1.9,1,2,2,-0.0013375270512333108,0.9019448073926931,8
Episyrphus_balteatus MESU,0.002667733057250188,0.002359447004608296,0.2875,1.5,2,2,3.082860526418918e-4,1.1306602996548643,8
A2 PUPA,0.003730003887352601,0.008000000000000002,1,1,1,1,-0.004269996112647401,0.46625048591907503,8
Musca_sp PUPA,0.00595295032318259,0.008000000000000002,1.3125,2,2,2,-0.0020470496768174116,0.7441187903978236,8
B2 PUPA,0.009286486486486492,0.009286486486486493,0.5,1,1,1,-1.734723475976807e-18,0.9999999999999998,8
Sarcophaga_sp PUPA,0.019027027027027035,0.01902702702702704,4,0.9999999999999999,4,4,-3.469446951953614e-18,0.9999999999999998,8
B4 PUPA,0.003746363422977514,0.005614035087719298,0.5,1,1,1,-0.0018676716647417838,0.6673209847178697,8
Andrena_sp PUPA,0.011982886696364771,0.010385964912280702,1.8125,2,3,3,0.0015969217840840697,1.1537576717783649,8
B5 PUPA,0.014618649248228548,0.010385964912280702,1.5,1,2,2,0.004232684335947846,1.4075388634274109,8
Brassicogethes_sp PUPA,0.020716281641654802,0.005614035087719298,1.0432692307692308,1.619607843137255,3,3,0.015102246553935505,3.690087667419762,8
B6 PUPA,0.0028172972972972986,0.002817297297297299,0.1,1,1,1,-4.336808689942018e-19,0.9999999999999999,8
D2 PUPA,0.0016274147779963524,0.0033441441441441466,0.1111111111111111,1,1,1,-0.0017167293661477941,0.48664612165300375,8
Lasioglossum_malachurum PUPA,0.00995625012273856,0.02270270270270272,5.0717592592592595,2.1999999999999997,7,7,-0.01274645257996416,0.43854911254919815,8
D4 PUPA,0.008,0.008000000000000002,1,1,1,1,-1.734723475976807e-18,0.9999999999999998,8
Vanessa_cardui PUPA,0.008,0.008000000000000002,1,1,1,1,-1.734723475976807e-18,0.9999999999999998,8
D5 PUPA,0.01139382234150965,0.008000000000000002,1,1,1,1,0.003393822341509648,1.424227792688706,8
Anthicidae PUPA,0.013491823687292182,0.008000000000000002,1.3125,1.125,2,2,0.00549182368729218,1.6864779609115224,8
D6 PUPA,0.006051891891891894,0.006051891891891896,0.3,1,1,1,-1.734723475976807e-18,0.9999999999999997,8
E1 PUPA,0.0016274147779963522,0.0033441441441441466,0.1111111111111111,1,1,1,-0.0017167293661477943,0.4866461216530037,8
E2 PUPA,0.0020548295559927048,0.0054882882882882926,0.2222222222222222,1,1,1,-0.003433458732295588,0.37440262756925485,8
E3 PUPA,0.0024822443339890567,0.0076324324324324394,0.3333333333333333,1,1,1,-0.005150188098443383,0.32522323072802767,8
E5 PUPA,0.0028172972972972986,0.002817297297297299,0.1,1,1,1,-4.336808689942018e-19,0.9999999999999999,8
F1 PUPA,0.0020548295559927048,0.0054882882882882926,0.2222222222222222,1,1,1,-0.003433458732295588,0.37440262756925485,8
F5 PUPA,0.008,0.008000000000000002,1,1,1,1,-1.734723475976807e-18,0.9999999999999998,8
Lasioglossum_sp PUPA,0.008,0.008000000000000002,1,1,1,1,-1.734723475976807e-18,0.9999999999999998,8
F6 PUPA,0.010350655960720085,0.008000000000000002,1,1,1,1,0.0023506559607200835,1.2938319950900103,8
Psilothrix_viridicoerulea PUPA,0.014628384269386435,0.008000000000000002,1.5432692307692308,1.3588235294117648,3,3,0.006628384269386433,1.828548033673304,8
A5 SCLA,0.0055653731494808584,0.005381081081081081,0.5,1,1,1,1.8429206839977712e-4,1.0342481493259255,8
Andrena_humilis SCLA,0.014380052727701653,0.009837837837837838,2.3125,1.4,3,3,0.004542214889863816,1.4617086563872559,8
A6 SCLA,0.007464775336834531,0.005381081081081081,0.5,1,1,1,0.0020836942557534493,1.3872259541078735,8
Psilothrix_viridicoerulea SCLA,0.023845165641930743,0.009837837837837838,3.2488636363636365,1.6176470588235294,5,5,0.014007327804092905,2.423821782284169,8
C1 SCLA,0.0366880966335471,0.008000000000000002,1,1,1,1,0.0286880966335471,4.586012079193386,8
Brassicogethes_sp SCLA,0.05220412050254732,0.008000000000000002,2.4125,1.2503770739064857,3,3,0.04420412050254732,6.525515062818414,8
C6 SCLA,0.01183014848631539,0.009562162162162163,1,1,2,2,0.0022679863241532264,1.2371834199934126,8
C3 BEMA,0.0034876014656604177,0.009259259259259252,1,1,1,1,-0.005771657793598834,0.3766609582913254,9
Anastoechus_sp BEMA,0.004938147239462421,0.009259259259259252,1.1875,2,2,2,-0.004321112019796831,0.5333199018619419,9
E6 CETE,0.009259259259259252,0.009259259259259252,1,1,1,1,0,1,9
Eristalis_sp CETE,0.009259259259259252,0.009259259259259252,1,1,1,1,0,1,9
A1 CHFU,0.004651149589806861,0.009499550543104555,1.0666666666666667,1,2,2,-0.004848400953297694,0.4896178580978227,9
Eucera_sp CHFU,0.0020478017474448605,0.002734658549162034,0.16666666666666666,1,1,1,-6.868568017171736e-4,0.7488327009133761,9
Psilothrix_viridicoerulea CHFU,0.06346902610481689,0.10210944507225769,19.614384874384875,2.3636363636363633,29,29,-0.038640418967440804,0.6215784059927372,9
A2 CHFU,0.002301866418242793,0.004860610021345651,0.04,1,1,1,-0.0025587436031028585,0.4735756228403457,9
A5 CHFU,0.0016932147320068561,0.0025461292663744757,0.013333333333333334,1,1,1,-8.529145343676196e-4,0.6650152269833044,9
A6 CHFU,0.0032148439475966975,0.008332331153802412,0.08,1,1,1,-0.005117487206205714,0.3858276739432784,9
B1 CHFU,0.010089112190776633,0.012859716965141928,1.1066666666666667,1,2,2,-0.0027706047743652953,0.7845516521183624,9
Mordellidae CHFU,0.012598245055673495,0.002603417713374515,1.3888888888888888,1.709090909090909,3,3,0.009994827342298979,4.839117822296683,9
B2 CHFU,0.002899939168564953,0.004977445772375758,0.11757575757575758,1,2,2,-0.0020775066038108045,0.5826159241471351,9
Ulidiidae CHFU,0.01167809944451932,0.01648804401608544,2.916025641025641,1,7,7,-0.004809944571566119,0.7082768236866893,9
B3 CHFU,0.0016932147320068561,0.002546129266374477,0.013333333333333334,1,1,1,-8.529145343676209e-4,0.665015226983304,9
B4 CHFU,0.0016932147320068561,0.0025461292663744757,0.013333333333333334,1,1,1,-8.529145343676196e-4,0.6650152269833044,9
B6 CHFU,0.001693214732006856,0.0025461292663744757,0.013333333333333334,1,1,1,-8.529145343676198e-4,0.6650152269833043,9
C1 CHFU,0.004424674291611116,0.010886387730157003,0.3433333333333333,1,2,2,-0.006461713438545887,0.406440997811797,9
Andrena_humilis CHFU,0.004261197651277413,0.006573252700560025,0.65,1,3,3,-0.002312055049282612,0.6482631727994222,9
C2 CHFU,0.002606192261360762,0.006017850398831238,0.05333333333333334,1,1,1,-0.003411658137470476,0.43307694419703846,9
C3 CHFU,0.002301866418242792,0.004860610021345649,0.04,1,1,1,-0.0025587436031028568,0.47357562284034577,9
C4 CHFU,0.0016932147320068561,0.0025461292663744757,0.013333333333333334,1,1,1,-8.529145343676196e-4,0.6650152269833044,9
C5 CHFU,0.0019975405751248257,0.0037033696438600627,0.02666666666666667,1,1,1,-0.001705829068735237,0.5393846057027046,9
D1 CHFU,0.00214041642115226,0.0036446521025974383,0.04904761904761905,1,2,2,-0.0015042356814451785,0.5872759212400127,9
Andrena_sp CHFU,0.025445058676508536,0.03618663460499165,5.95964035964036,1.727272727272727,11,11,-0.010741575928483113,0.7031617876120096,9
D2 CHFU,0.02594388849378353,0.00826774321678307,1.549047619047619,1,4,4,0.01767614527700046,3.13796495773101,9
Brassicogethes_sp CHFU,0.03913127197282515,0.0031457843224552908,1.2884615384615383,1.6450216450216448,3,3,0.03598548765036986,12.43927363153845,9
Syrphidae CHFU,0.00843278102622701,0.0045862928002320825,0.41666666666666663,1,2,2,0.003846488225994928,1.8386922496095937,9
D3 CHFU,0.0045352911432053585,0.007232609654589161,0.288961038961039,1,2,2,-0.0026973185113838023,0.6270615116533591,9
D4 CHFU,0.004112875420035694,0.0076542424190836605,0.54,1,2,2,-0.0035413669990479665,0.5373327881256305,9
D5 CHFU,0.0022912874823290165,0.002662965017404582,0.09090909090909091,1,1,1,-3.716775350755654e-4,0.8604271807378772,9
D6 CHFU,0.0023018664182427925,0.0048606100213456505,0.04,1,1,1,-0.002558743603102858,0.4735756228403457,9
E1 CHFU,0.003440162085877933,0.0073203143036791145,0.30333333333333334,1,2,2,-0.0038801522178011816,0.46994731963201947,9
Andrena_argentata CHFU,0.0039245638800808015,0.006129241905166483,0.5538461538461539,1,3,3,-0.0022046780250856816,0.6403016785440779,9
E2 CHFU,0.0030348197994430667,0.005841697775043358,0.12047619047619047,1,2,2,-0.0028068779756002917,0.5195098952924763,9
E3 CHFU,0.003643471485679004,0.00815617853001453,0.14714285714285713,1,2,2,-0.004512707044335526,0.4467130620389342,9
E4 CHFU,0.003204265011682921,0.006134686149861343,0.13090909090909092,1,2,2,-0.002930421138178422,0.5223193058955989,9
E5 CHFU,0.006165231623460891,0.013531357628604083,0.37047619047619046,1,2,2,-0.007366126005143192,0.45562550282671865,9
E6 CHFU,0.0034401620858779307,0.007320314303679115,0.30333333333333334,1,2,2,-0.0038801522178011846,0.46994731963201913,9
F1 CHFU,0.0036734405195420765,0.0040812128750982906,0.25757575757575757,1,2,2,-4.0777235555621407e-4,0.9000854971216385,9
Musca_sp CHFU,0.009756374380327464,0.01001116134842618,1.2435897435897434,0.9999999999999999,3,3,-2.547869680987157e-4,0.9745497091465047,9
F2 CHFU,0.0018360905780342913,0.002487411725111849,0.03571428571428571,1,1,1,-6.513211470775579e-4,0.7381530606686071,9
F3 CHFU,0.0018360905780342915,0.002487411725111849,0.03571428571428571,1,1,1,-6.513211470775577e-4,0.7381530606686071,9
F4 CHFU,0.010805758817005563,0.010168295137247948,1.18,1,3,3,6.374636797576144e-4,1.0626913038177355,9
F5 CHFU,0.010446034391714357,0.017216941170204145,1.19982683982684,1,5,5,-0.006770906778489788,0.6067299811532373,9
F6 CHFU,0.009447618598519586,0.013414048873915379,2.4166233766233765,1,6,6,-0.003966430275395793,0.704307751322659,9
Cylindromyia_sp CHFU,0.004175793413510831,0.002814131581742397,0.625,1.2424242424242424,2,2,0.0013616618317684342,1.4838657298765496,9
Eristalis_sp CHFU,0.002392698364981595,0.0028141315817423974,0.125,1,1,1,-4.214332167608026e-4,0.8502439546555005,9
B4 CHMI,0.009259259259259252,0.009259259259259252,1,1,1,1,0,1,9
Melyridae CHMI,0.009259259259259252,0.009259259259259252,1,1,1,1,0,1,9
A1 LEMA,0.0019832549805932453,0.003552913448092664,0.023809523809523808,1,1,1,-0.0015696584674994188,0.5582052615601797,9
Brassicogethes_sp LEMA,0.06791506665504196,0.1069282723371277,19.79361471861472,2.3125,29,29,-0.039013205682085744,0.6351460205109892,9
A2 LEMA,0.0018609374486337883,0.002696604888738839,0.1,1,1,1,-8.356674401050507e-4,0.6901038622325276,9
Mordellidae LEMA,0.011454119464398307,0.015384894115881762,2.3626262626262626,2.0625,7,7,-0.0039307746514834555,0.7445042766056003,9
A3 LEMA,0.003338388556993191,0.004695266796753388,0.09523809523809523,1,2,2,-0.001356878239760197,0.711011472085371,9
Psilothrix_viridicoerulea LEMA,0.036957946890484025,0.018815231625000137,4.031240981240981,1.655833333333333,12,12,0.01814271526548389,1.9642568120913981,9
A4 LEMA,0.0019832549805932453,0.0035529134480926645,0.023809523809523808,1,1,1,-0.0015696584674994192,0.5582052615601796,9
A5 LEMA,0.001686071934741067,0.002470901168490777,0.011904761904761904,1,1,1,-7.8482923374971e-4,0.6823712563829161,9
B1 LEMA,0.011255074409928761,0.01736288276064635,2.861904761904762,1,5,5,-0.00610780835071759,0.6482261364707723,9
Anastoechus_sp LEMA,0.0043573117609730936,0.002730566193120652,1.0909090909090908,1.1875,2,2,0.0016267455678524415,1.5957539399523952,9
Cryptocephalus_sp LEMA,0.0022585991842015655,0.002730566193120652,0.09090909090909091,1,1,1,-4.719670089190866e-4,0.8271541594164048,9
Sphaerophoria_scripta LEMA,0.007990512555680056,0.01131163795176832,1.1318181818181818,1,6,6,-0.003321125396088264,0.7063974810501179,9
B2 LEMA,0.00410762016259027,0.007084995076205225,0.20714285714285716,1,3,3,-0.002977374913614955,0.5797633051835995,9
B3 LEMA,0.010762511265327802,0.01217874089849262,1.1547619047619047,1,4,4,-0.0014162296331648172,0.8837129679522038,9
Oedemeridae LEMA,0.0073226482505173805,0.007873584263419026,1.375,1,2,2,-5.509360129016452e-4,0.9300272919588458,9
B4 LEMA,0.004238401815451215,0.011352703125553948,0.19523809523809524,1,2,2,-0.0071143013101027325,0.3733385581017213,9
B5 LEMA,0.014079208850087342,0.006235085405464175,1.0238095238095237,1,2,2,0.007844123444623166,2.2580619084622158,9
Andrena_sp LEMA,0.014484650642041253,0.003155496420437072,1.0606060606060606,1.0178571428571428,2,2,0.01132915422160418,4.590292211466037,9
C1 LEMA,0.006528992337817791,0.012270969949002165,1.1547619047619047,1,3,3,-0.005741977611184374,0.5320681547548495,9
Lagorina_sericea LEMA,0.002005515943016124,0.0025478138285168713,0.1111111111111111,1,1,1,-5.422978855007471e-4,0.7871516829718957,9
C2 LEMA,0.0025776210722976032,0.005716938007296443,0.047619047619047616,1,1,1,-0.00313931693499884,0.4508744137172423,9
C3 LEMA,0.002577621072297602,0.005716938007296443,0.047619047619047616,1,1,1,-0.0031393169349988414,0.450874413717242,9
C4 LEMA,0.005287888225097499,0.008001644704617887,0.19047619047619047,1,2,2,-0.002713756479520388,0.6608501652223783,9
C5 LEMA,0.005287888225097497,0.008001644704617887,0.19047619047619047,1,2,2,-0.00271375647952039,0.660850165222378,9
C6 LEMA,0.004990705179245316,0.006919632425016,0.17857142857142855,1,2,2,-0.0019289272457706837,0.7212384809925473,9
D1 LEMA,0.004484563561886374,0.006979140608730656,0.23214285714285715,1,3,3,-0.0024945770468442824,0.6425667303903212,9
D2 LEMA,0.0034266130313386077,0.006918799539671828,0.17261904761904762,1,2,2,-0.00349218650833322,0.4952612099383268,9
D3 LEMA,0.004853492478996831,0.010104440757370037,1.0714285714285714,1,2,2,-0.0052509482783732065,0.48033261766186924,9
Euchloe_crameri LEMA,0.0019782415470527893,0.002615856695140964,0.14285714285714285,1,1,1,-6.376151480881748e-4,0.7562499699342992,9
D4 LEMA,0.001686071934741067,0.0024709011684907766,0.011904761904761904,1,1,1,-7.848292337497096e-4,0.6823712563829162,9
D5 LEMA,0.004691258438909554,0.004313067410571265,0.5119047619047619,1,2,2,3.781910283382891e-4,1.0876849333287368,9
Lasioglossum_malachurum LEMA,0.007623451058368593,0.004334508804895264,1.6,1.078125,3,3,0.0032889422534733287,1.7587808449619242,9
D6 LEMA,0.001983254980593245,0.003552913448092665,0.023809523809523808,1,1,1,-0.00156965846749942,0.5582052615601794,9
E1 LEMA,0.003041205511141015,0.0036132545171515006,0.08333333333333333,1,2,2,-5.720490060104858e-4,0.8416804010636209,9
E2 LEMA,0.004955078985947363,0.009259259259259252,1,1,1,1,-0.004304180273311889,0.5351485304823156,9
Cylindromyia_sp LEMA,0.006293276641867894,0.009259259259259252,1.2424242424242424,1.5,2,2,-0.0029659826173913575,0.6796738773217331,9
E3 LEMA,0.0024553035403381447,0.004860629447942615,0.12380952380952381,1,2,2,-0.0024053259076044706,0.5051410659122378,9
E4 LEMA,0.003041205511141013,0.0036132545171514998,0.08333333333333333,1,2,2,-5.720490060104866e-4,0.8416804010636206,9
E5 LEMA,0.0022804380264454236,0.004634925727694553,0.03571428571428571,1,1,1,-0.0023544877012491292,0.4920117733104929,9
E6 LEMA,0.007620531718915808,0.013089014900159866,0.7202380952380952,1,3,3,-0.0054684831812440585,0.582208193438815,9
F1 LEMA,0.002944951642123831,0.0030620255448654313,0.25,1,1,1,-1.1707390274160031e-4,0.9617658634697166,9
F6 LEMA,0.0034266130313386077,0.006918799539671827,0.17261904761904762,1,2,2,-0.0034921865083332193,0.49526120993832684,9
B6 PUPA,0.009259259259259252,0.009259259259259252,1,1,1,1,0,1,9
Calliphoridae PUPA,0.009259259259259252,0.009259259259259252,1,1,1,1,0,1,9
D5 PUPA,0.0018380179059933012,0.0032767142142142132,0.125,1,1,1,-0.001438696308220912,0.5609332355016121,9
Lasioglossum_malachurum PUPA,0.008454193263141885,0.017767767767767763,3.078125,2,4,4,-0.009313574504625877,0.4758162856269716,9
D6 PUPA,0.004083662991515364,0.012715840840840835,0.75,1,1,1,-0.008632177849325472,0.32114769621835965,9
E1 PUPA,0.0018380179059933012,0.0032767142142142137,0.125,1,1,1,-0.0014386963082209125,0.560933235501612,9
E4 PUPA,0.009259259259259252,0.009259259259259252,1,1,1,1,0,1,9
Lasiocampa_trifolii PUPA,0.009259259259259252,0.009259259259259252,1,1,1,1,0,1,9
C3 SCLA,0.03806303818771816,0.009259259259259252,1,1,1,1,0.02880377892845891,4.110808124273564,9
Brassicogethes_sp SCLA,0.06689219431471445,0.009259259259259252,2.4488636363636362,1.5503663003663002,3,3,0.0576329350554552,7.224356985989166,9
E2 SCLA,0.009259259259259252,0.009259259259259252,1,1,1,1,0,1,9
Diptera SCLA,0.009259259259259252,0.009259259259259252,1,1,1,1,0,1,9
C6 SOAS,0.023722120894506732,0.006497725795971407,0.5,1,1,1,0.017224395098535326,3.650834405664588,9
Psilothrix_viridicoerulea SOAS,0.061145650577970445,0.012020792722547103,2.6988636363636362,1.1635978835978835,4,4,0.049124857855423344,5.086657094026841,9
D1 SOAS,0.033874445887418274,0.012020792722547103,1.5,1,2,2,0.021853653164871173,2.817987687607392,9
Mordellidae SOAS,0.0224280120758438,0.006497725795971407,1.6988636363636362,1.8777777777777778,3,3,0.015930286279872394,3.4516710584723627,9
